{"cameraMode":{"drawMode":0,"name":"Shaded","section":"Shading Mode"},"sceneLighting":true,"audioPlay":false,"sceneViewState":{"showFog":true,"showMaterialUpdate":false,"showSkybox":true,"showFlares":true,"showImageEffects":true,"showParticleSystems":true},"in2DMode":false,"pivot":{"x":199.88784790039063,"y":-83.75543212890625,"z":24.2998046875},"rotation":{"x":-0.197641521692276,"y":0.09013698995113373,"z":-0.01825379952788353,"w":-0.9759513735771179},"size":2204.07666015625,"orthographic":false}